{
    "episode_index": {
        "min": [
            0
        ],
        "max": [
            9
        ],
        "mean": [
            4.41799709724238
        ],
        "std": [
            2.851327406098695
        ],
        "count": [
            689
        ],
        "q01": [
            4.41799709724238
        ],
        "q10": [
            4.4179970972423845
        ],
        "q50": [
            4.4179970972424005
        ],
        "q90": [
            4.417997097242416
        ],
        "q99": [
            4.41799709724242
        ]
    },
    "frame_index": {
        "min": [
            0
        ],
        "max": [
            87
        ],
        "mean": [
            35.87082728592162
        ],
        "std": [
            22.7253272525402
        ],
        "count": [
            689
        ],
        "q01": [
            -1e-10
        ],
        "q10": [
            6.677211610949041
        ],
        "q50": [
            35.5396876632791
        ],
        "q90": [
            64.86438490574123
        ],
        "q99": [
            71.73076388979517
        ]
    },
    "index": {
        "min": [
            0
        ],
        "max": [
            688
        ],
        "mean": [
            344.0
        ],
        "std": [
            198.89695824722912
        ],
        "count": [
            689
        ],
        "q01": [
            308.1291727139784
        ],
        "q10": [
            314.80638432502747
        ],
        "q50": [
            343.6697224963705
        ],
        "q90": [
            372.9935576198196
        ],
        "q99": [
            379.85993660387356
        ]
    },
    "action": {
        "min": [
            -1.5707998275756836,
            0.0,
            -2.557750701904297,
            -1.7928844690322876,
            -0.3586752414703369,
            -0.3999999165534973
        ],
        "max": [
            1.5646039247512817,
            3.281641960144043,
            -6.515782947303576e-16,
            0.9200000762939453,
            2.2913870811462402,
            1.5
        ],
        "mean": [
            -0.0423433301410758,
            1.4090172289417857,
            -0.7278896493429023,
            -0.36067493017681795,
            0.5155317166547124,
            0.6592402369519277
        ],
        "std": [
            0.8516962948921931,
            0.8276854251510694,
            0.68269326837957,
            0.6697970052386563,
            0.4119276022096795,
            0.6117012674944566
        ],
        "count": [
            689
        ],
        "q01": [
            -0.7620053274586472,
            -1e-10,
            -1.6502800296764717,
            -1.3429631080575495,
            -0.05584281168237481,
            -0.1380536157464557
        ],
        "q10": [
            -0.5795550931714424,
            0.3786438805801201,
            -1.449493618254045,
            -1.1547792725538792,
            0.0684360906348415,
            0.04596749655906184
        ],
        "q50": [
            -0.08579061185628754,
            1.4772056346746163,
            -0.6722916847460368,
            -0.43170705118452846,
            0.4739881951860285,
            0.5268079607964248
        ],
        "q90": [
            0.5531188912534769,
            2.224413267723699,
            -0.11603977710879533,
            0.47303458993553127,
            1.0634525816836933,
            1.4224664074320905
        ],
        "q99": [
            0.7911000469738532,
            2.44251293346618,
            -0.05897662095464587,
            0.9196670438439295,
            1.2517536373723814,
            1.499941297585976
        ]
    },
    "observation.images.wrist": {
        "min": [
            [
                [
                    0.0
                ]
            ],
            [
                [
                    0.0
                ]
            ],
            [
                [
                    0.0
                ]
            ]
        ],
        "max": [
            [
                [
                    0.9803921568627451
                ]
            ],
            [
                [
                    0.9803921568627451
                ]
            ],
            [
                [
                    0.9647058823529412
                ]
            ]
        ],
        "mean": [
            [
                [
                    0.3763566518316326
                ]
            ],
            [
                [
                    0.37203663282257754
                ]
            ],
            [
                [
                    0.3017756558356289
                ]
            ]
        ],
        "std": [
            [
                [
                    0.07714270217707996
                ]
            ],
            [
                [
                    0.07529187763292909
                ]
            ],
            [
                [
                    0.08203217461550105
                ]
            ]
        ],
        "count": [
            689
        ],
        "q01": [
            [
                [
                    0.08552506359918284
                ]
            ],
            [
                [
                    0.08691262687204779
                ]
            ],
            [
                [
                    0.07084488905578422
                ]
            ]
        ],
        "q10": [
            [
                [
                    0.1771743209052308
                ]
            ],
            [
                [
                    0.17951993605809047
                ]
            ],
            [
                [
                    0.15304793646675202
                ]
            ]
        ],
        "q50": [
            [
                [
                    0.2419364085893946
                ]
            ],
            [
                [
                    0.24354975543489485
                ]
            ],
            [
                [
                    0.21315363051697073
                ]
            ]
        ],
        "q90": [
            [
                [
                    0.8647380654918941
                ]
            ],
            [
                [
                    0.8499513778199653
                ]
            ],
            [
                [
                    0.5836381714293493
                ]
            ]
        ],
        "q99": [
            [
                [
                    0.929441981478824
                ]
            ],
            [
                [
                    0.9135941693582814
                ]
            ],
            [
                [
                    0.8346493715457058
                ]
            ]
        ]
    },
    "observation.images.third_person": {
        "min": [
            [
                [
                    0.00392156862745098
                ]
            ],
            [
                [
                    0.00392156862745098
                ]
            ],
            [
                [
                    0.00392156862745098
                ]
            ]
        ],
        "max": [
            [
                [
                    0.9803921568627451
                ]
            ],
            [
                [
                    0.9764705882352941
                ]
            ],
            [
                [
                    0.9490196078431372
                ]
            ]
        ],
        "mean": [
            [
                [
                    0.27507081150221335
                ]
            ],
            [
                [
                    0.27483488825954905
                ]
            ],
            [
                [
                    0.24052793638772635
                ]
            ]
        ],